<?xml version="1.0" encoding="UTF-8"?>
<launch4jConfig>
  <dontWrapJar>false</dontWrapJar>
  <headerType>gui</headerType>
  <jar>C:\Users\Eugene\Desktop\Git\D-SchedAleR\D-SchedAleR.jar</jar>
  <outfile>C:\Users\Eugene\Desktop\Git\D-SchedAleR\D-SchedAleR.exe</outfile>
  <errTitle></errTitle>
  <cmdLine></cmdLine>
  <chdir>.</chdir>
  <priority>normal</priority>
  <downloadUrl></downloadUrl>
  <supportUrl></supportUrl>
  <stayAlive>false</stayAlive>
  <restartOnCrash>false</restartOnCrash>
  <manifest></manifest>
  <icon>C:\Users\Eugene\Desktop\Git\D-SchedAleR\logo.ico</icon>
  <classPath>
    <mainClass>Main</mainClass>
    <cp>lib/itextpdf-5.5.13.3.jar</cp>
  </classPath>
  <jre>
    <path>%JAVA_HOME%;%PATH%</path>
    <requiresJdk>false</requiresJdk>
    <requires64Bit>false</requires64Bit>
    <minVersion></minVersion>
    <maxVersion></maxVersion>
  </jre>
</launch4jConfig>